id;name;phone;address;labor_code
1;web-readiness Steel copying;(855) 554-2648 x00753;Berkshire wireless;solid Malaysian Plastic
2;Mali synergy;274.704.9780 x27080;Dollar;redundant transmitting PCI
3;Technician;1-368-358-3187;Tools;Michigan Hat Cambridgeshire
4;Soft Kids Lanka;342-949-4812;action-items global;1080p Dynamic
5;deposit;388-603-8468 x8222;circuit world-class;maroon impactful incubate
6;core Shoes invoice;621.357.8099;violet;Intelligent
7;Fresh Metal pixel;1-644-609-0671 x241;Tasty Object-based;Pre-emptive Small
8;Accountability;(346) 528-7528 x2337;deploy;monitor Brand Auto
9;neural-net Hawaii;344-615-9452 x693;Fresh;programming
10;Manager primary Berkshire;827.894.0964 x269;Avon;Island
